# Simulation 1 (Up to date),,,,,,,,,,,,,,,,,,,,,,,,,,,,,,,,,,,,,,,,,,,
# 77 data points written for 44 variables.,,,,,,,,,,,,,,,,,,,,,,,,,,,,,,,,,,,,,,,,,,,
#,,,,,,,,,,,,,,,,,,,,,,,,,,,,,,,,,,,,,,,,,,,
# Time (s),Altitude (m),Vertical velocity (m/s),Vertical acceleration (m/s²),Total velocity (m/s),Total acceleration (m/s²),Position East of launch (m),Position North of launch (m),Lateral distance (m),Lateral direction (°),Lateral velocity (m/s),Lateral acceleration (m/s²),Latitude (°),Longitude (°),Gravitational acceleration (m/s²),Angle of attack (°),Roll rate (°/s),Pitch rate (°/s),Yaw rate (°/s),Mass (g),Propellant mass (g),Longitudinal moment of inertia (kg·m²),Rotational moment of inertia (kg·m²),CG location (cm),Mach number (?),Reynolds number (?),Thrust (N),Drag force (N),Drag coefficient (?),Axial drag coefficient (?),Friction drag coefficient (?),Pressure drag coefficient (?),Base drag coefficient (?),Coriolis acceleration (m/s²),Reference length (cm),Reference area (cm²),Vertical orientation (zenith) (°),Lateral orientation (azimuth) (°),Wind velocity (m/s),Air temperature (°C),Air pressure (mbar),Speed of sound (m/s),Simulation time step (s),Computation time (s)
# Event LAUNCH occurred at t=0 seconds,,,,,,,,,,,,,,,,,,,,,,,,,,,,,,,,,,,,,,,,,,,
# Event IGNITION occurred at t=0 seconds,,,,,,,,,,,,,,,,,,,,,,,,,,,,,,,,,,,,,,,,,,,
0,0,0,-8.9221,0,8.9221,0,0,0,0,0,0,28.61,-80.6,9.7922,90,0,0,0,136.8,0.79875,0.016254,7.26E-05,52.32,0.0060811,118945,0.11902,0,0.49333,0,0.3717,0.0016216,0.12,0,5,19.635,90,0,NaN,15,1013.2,340.39,0.01,0.001633
0.01,0,0,-6.8244,0,6.8244,0,0,0,0,0,0,28.61,-80.6,9.7922,90,0,0,0,136.8,0.79875,0.016254,7.26E-05,52.32,0.0061001,119315,0.406,0,0.49303,0,0.37141,0.0016216,0.12,0,5,19.635,90,0,NaN,15,1013.2,340.39,0.01,0.0021476
0.02,0,0,-4.332,0,4.332,0,0,0,0,0,0,28.61,-80.6,9.7922,90,0,0,0,136.8,0.79464,0.016254,7.26E-05,52.32,0.006119,119686,0.74693,0,0.49275,0,0.37112,0.0016216,0.12,0,5,19.635,90,0,NaN,15,1013.2,340.39,0.01,0.0025112
0.03,0,0,-1.0779,0,1.0779,0,0,0,0,0,0,28.61,-80.6,9.7922,90,0,0,0,136.79,0.78574,0.016254,7.26E-05,52.32,0.006138,120056,1.192,0,0.49246,0,0.37083,0.0016216,0.12,0,5,19.635,90,0,NaN,15,1013.2,340.39,0.01,0.002941
0.04,0,0,2.7271,0,2.7271,0,0,0,0,0,0,28.61,-80.6,9.7922,90,0,0,0,136.77,0.77227,0.016254,7.26E-05,52.321,0.0061569,120427,1.7123,0,0.49217,0,0.37054,0.0016216,0.12,0,5,19.635,90,0,NaN,15,1013.2,340.39,0.01,0.003533
0.05,1.36E-04,0.027287,7.2857,0.027287,7.2857,0,0,0,0,0,0,28.61,-80.6,9.7922,89.256,0,0,0,136.75,0.75153,0.016254,7.26E-05,52.321,0.0061763,120807,2.3355,1.43E-08,0.49188,2.68E-06,0.37025,0.0016216,0.12,3.49E-06,5,19.635,90,0,NaN,15,1013.2,340.39,0.01,0.0041614
0.06,7.74E-04,0.10017,12.532,0.10017,12.532,0,0,0,0,0,0,28.61,-80.6,9.7922,87.311,0,0,0,136.72,0.72263,0.016254,7.26E-05,52.322,0.0062738,122713,3.0523,6.80E-07,0.49043,1.24E-04,0.3688,0.0016216,0.12001,1.28E-05,5,19.635,90,0,NaN,15,1013.2,340.39,0.01,0.0047579
0.07,0.0024023,0.22555,17.565,0.22555,17.565,0,0,0,0,0,0,28.61,-80.6,9.7922,84.05,0,0,0,136.69,0.68508,0.016254,7.26E-05,52.323,0.0063923,125031,3.7394,7.36E-06,0.4887,0.0012919,0.36708,0.0016216,0.12001,2.89E-05,5,19.635,90,0,NaN,15,1013.2,340.39,0.01,0.0054363
0.08,0.0055363,0.40128,23.57,0.40128,23.57,0,0,0,0,0,0,28.61,-80.6,9.7922,79.641,0,0,0,136.64,0.63782,0.016254,7.26E-05,52.325,0.0065558,128229,4.5586,3.87E-05,0.4864,0.006459,0.36477,0.0016216,0.12001,5.14E-05,5,19.635,90,0,NaN,15,1013.2,340.39,0.01,0.0059581
0.09,0.010728,0.63709,27.382,0.63709,27.382,0,0,0,0,0,0,28.61,-80.6,9.7922,74.029,0,0,0,136.58,0.58072,0.016254,7.26E-05,52.327,0.0068025,133054,5.0775,1.42E-04,0.48307,0.021987,0.36144,0.0016216,0.12001,8.16E-05,5,19.635,90,0,NaN,15,1013.2,340.39,0.01,0.0064208
0.1,0.018469,0.91106,28.938,0.91106,28.938,0,0,0,0,0,0,28.61,-80.6,9.7922,68.019,0,0,0,136.52,0.51317,0.016254,7.26E-05,52.329,0.0071508,139866,5.2876,3.75E-04,0.47863,0.052603,0.357,0.0016216,0.12001,1.17E-04,5,19.635,90,0,NaN,15,1013.2,340.39,0.01,0.0067756
# Event LIFTOFF occurred at t=0.11 seconds,,,,,,,,,,,,,,,,,,,,,,,,,,,,,,,,,,,,,,,,,,,
0.11,0.029027,1.2006,22.647,1.2006,22.647,0,0,0,0,0,0,28.61,-80.6,9.7922,61.768,0,0,0,136.44,0.4405,0.016254,7.26E-05,52.331,0.0074563,145842,4.4269,7.86E-04,0.47498,0.10143,0.35335,0.0016216,0.12001,1.54E-04,5,19.635,90,0,NaN,15,1013.2,340.39,0.01,0.0071542
0.12,0.042166,1.4272,17.167,1.4272,17.167,0,0,0,0,0,0,28.61,-80.6,9.7922,57.206,0,0,0,136.37,0.37264,0.016254,7.26E-05,52.333,0.0077413,151417,3.6778,0.0012314,0.47175,0.14746,0.35012,0.0016216,0.12001,1.83E-04,5,19.635,90,0,NaN,15,1013.2,340.39,0.01,0.0075672
0.13,0.057296,1.5989,14.479,1.5989,14.479,0,0,0,0,0,0,28.61,-80.6,9.7922,53.918,0,0,0,136.32,0.31583,0.016254,7.26E-05,52.335,0.0079759,156005,3.3103,0.0016436,0.46922,0.18541,0.34759,0.0016216,0.12001,2.05E-04,5,19.635,90,0,NaN,15,1013.2,340.39,0.01,0.0084376
0.14,0.07401,1.7438,13.566,1.7438,13.566,0,0,0,0,0,0,28.61,-80.6,9.7922,51.255,0,0,0,136.27,0.26664,0.016253,7.26E-05,52.336,0.0081855,160105,3.185,0.0020406,0.46703,0.21856,0.3454,0.0016216,0.12001,2.23E-04,5,19.635,90,0,NaN,15,1013.2,340.39,0.01,0.0091607
0.15,0.092126,1.8795,12.445,1.8795,12.445,0,0,0,0,0,0,28.61,-80.6,9.7922,48.868,0,0,0,136.22,0.22094,0.016253,7.26E-05,52.338,0.0083942,164186,3.0317,0.0024518,0.46494,0.24971,0.3433,0.0016216,0.12001,2.41E-04,5,19.635,90,0,NaN,14.999,1013.2,340.39,0.01,0.0097996
0.16,0.11154,2.004,11.466,2.004,11.466,0,0,0,0,0,0,28.61,-80.6,9.7922,46.741,0,0,0,136.18,0.17732,0.016253,7.26E-05,52.339,0.008591,168034,2.8978,0.0028626,0.46302,0.27835,0.34139,0.0016216,0.12001,2.57E-04,5,19.635,90,0,NaN,14.999,1013.2,340.39,0.01,0.01075
0.17,0.13216,2.1187,9.2815,2.1187,9.2815,0,0,0,0,0,0,28.61,-80.6,9.7922,44.843,0,0,0,136.14,0.13595,0.016253,7.26E-05,52.34,0.0087786,171704,2.5999,0.003268,0.46125,0.30433,0.33962,0.0016216,0.12001,2.71E-04,5,19.635,90,0,NaN,14.999,1013.2,340.39,0.01,0.011341
0.18,0.15381,2.2115,5.7676,2.2115,5.7676,0,0,0,0,0,0,28.61,-80.6,9.7922,43.308,0,0,0,136.1,0.097271,0.016253,7.26E-05,52.342,0.0089286,174638,2.1213,0.0036165,0.45987,0.32556,0.33824,0.0016216,0.12001,2.83E-04,5,19.635,90,0,NaN,14.999,1013.2,340.39,0.01,0.01186
0.19,0.17621,2.2692,1.8674,2.2692,1.8674,0,0,0,0,0,0,28.61,-80.6,9.7922,42.263,0,0,0,136.07,0.064608,0.016253,7.26E-05,52.343,0.0090082,176194,1.5903,0.0038468,0.45915,0.34021,0.33752,0.0016216,0.12001,2.91E-04,5,19.635,90,0,NaN,14.999,1013.2,340.39,0.01,0.012432
0.2,0.199,2.2879,-1.4659,2.2879,1.4659,0,0,0,0,0,0,28.61,-80.6,9.7922,41.717,0,0,0,136.04,0.039189,0.016253,7.26E-05,52.343,0.0090048,176128,1.1366,0.0039337,0.45918,0.34816,0.33755,0.0016216,0.12001,2.93E-04,5,19.635,90,0,NaN,14.999,1013.2,340.39,0.01,0.013246
0.21,0.2218,2.2733,-5.4954,2.2733,5.4954,0,0,0,0,0,0,28.61,-80.6,9.7922,42.119,0,0,0,136.02,0.019764,0.016253,7.26E-05,52.344,0.0090036,176105,0.58832,0.0038669,0.4592,0.34233,0.33756,0.0016216,0.12001,2.91E-04,5,19.635,90,0,NaN,14.999,1013.2,340.39,0.01,0.014344
0.22,0.24426,2.2183,-8.5752,2.2183,8.5752,0,0,0,0,0,0,28.61,-80.6,9.7922,43.035,0,0,0,136.01,0.0072427,0.016253,7.26E-05,52.344,0.0089161,174391,0.16917,0.0036511,0.45999,0.32961,0.33836,0.0016216,0.12001,2.84E-04,5,19.635,90,0,NaN,14.998,1013.2,340.39,0.01,0.014992
# Event BURNOUT occurred at t=0.23 seconds,,,,,,,,,,,,,,,,,,,,,,,,,,,,,,,,,,,,,,,,,,,
0.23,0.26602,2.1326,-9.8167,2.1326,9.8167,0,0,0,0,0,0,28.61,-80.6,9.7922,44.379,0,0,0,136,0.0014255,0.016253,7.26E-05,52.345,0.0087659,171454,0,0.003331,0.46137,0.3111,0.33974,0.0016216,0.12001,2.73E-04,5,19.635,90,0,NaN,14.998,1013.2,340.39,0.01,0.015405
0.24,0.28685,2.0344,-9.8141,2.0344,9.8141,0,0,0,0,0,0,28.61,-80.6,9.7922,45.944,0,0,0,136,0,0.016253,7.26E-05,52.345,0.0085953,168117,0,0.0029819,0.46298,0.28966,0.34135,0.0016216,0.12001,2.60E-04,5,19.635,90,0,NaN,14.998,1013.2,340.39,0.01,0.015923
0.25,0.30671,1.9363,-9.8117,1.9363,9.8117,0,0,0,0,0,0,28.61,-80.6,9.7922,47.57,0,0,0,136,0,0.016253,7.26E-05,52.345,0.0084315,164912,0,0.0026504,0.46457,0.26757,0.34294,0.0016216,0.12001,2.48E-04,5,19.635,90,0,NaN,14.998,1013.2,340.39,0.01,0.017155
0.26,0.32558,1.8382,-9.8094,1.8382,9.8094,0,0,0,0,0,0,28.61,-80.6,9.7922,49.176,0,0,0,136,0,0.016253,7.26E-05,52.345,0.0082607,161571,0,0.0023409,0.46627,0.2462,0.34464,0.0016216,0.12001,2.35E-04,5,19.635,90,0,NaN,14.998,1013.2,340.39,0.01,0.017957
0.27,0.34347,1.7401,-9.8072,1.7401,9.8072,0,0,0,0,0,0,28.61,-80.6,9.7922,50.847,0,0,0,136,0,0.016253,7.26E-05,52.345,0.0080967,158363,0,0.0020499,0.46795,0.22441,0.34632,0.0016216,0.12001,2.23E-04,5,19.635,90,0,NaN,14.998,1013.2,340.39,0.01,0.018608
0.28,0.36038,1.6421,-9.8052,1.6421,9.8052,0,0,0,0,0,0,28.61,-80.6,9.7922,52.585,0,0,0,136,0,0.016253,7.26E-05,52.345,0.0079399,155296,0,0.0017778,0.4696,0.20239,0.34797,0.0016216,0.12001,2.10E-04,5,19.635,90,0,NaN,14.998,1013.2,340.39,0.01,0.019485
0.29,0.37631,1.544,-9.8034,1.544,9.8034,0,0,0,0,0,0,28.61,-80.6,9.7922,54.392,0,0,0,136,0,0.016253,7.26E-05,52.345,0.0077907,152378,0,0.0015252,0.47121,0.18035,0.34958,0.0016216,0.12001,1.98E-04,5,19.635,90,0,NaN,14.998,1013.2,340.39,0.01,0.020468
0.3,0.39126,1.446,-9.8017,1.446,9.8017,0,0,0,0,0,0,28.61,-80.6,9.7922,56.266,0,0,0,136,0,0.016253,7.26E-05,52.345,0.0076496,149618,0,0.0012925,0.47278,0.15852,0.35115,0.0016216,0.12001,1.85E-04,5,19.635,90,0,NaN,14.997,1013.2,340.39,0.01,0.021179
0.31,0.40523,1.348,-9.8001,1.348,9.8001,0,0,0,0,0,0,28.61,-80.6,9.7922,58.1,0,0,0,136,0,0.016253,7.26E-05,52.345,0.0074941,146577,0,0.0010832,0.47454,0.13842,0.35292,0.0016216,0.12001,1.73E-04,5,19.635,90,0,NaN,14.997,1013.2,340.39,0.01,0.021652
0.32,0.41822,1.25,-9.7987,1.25,9.7987,0,0,0,0,0,0,28.61,-80.6,9.7922,60.01,0,0,0,136,0,0.016253,7.26E-05,52.345,0.0073467,143693,0,8.94E-04,0.47627,0.11881,0.35464,0.0016216,0.12001,1.60E-04,5,19.635,90,0,NaN,14.997,1013.2,340.39,0.01,0.02212
0.33,0.43023,1.152,-9.7975,1.152,9.7975,0,0,0,0,0,0,28.61,-80.6,9.7922,61.995,0,0,0,136,0,0.016253,7.26E-05,52.345,0.0072078,140976,0,7.23E-04,0.47794,0.099947,0.35631,0.0016216,0.12001,1.48E-04,5,19.635,90,0,NaN,14.997,1013.2,340.39,0.01,0.022669
0.34,0.44126,1.054,-9.7964,1.054,9.7964,0,0,0,0,0,0,28.61,-80.6,9.7922,64.055,0,0,0,136,0,0.016253,7.26E-05,52.345,0.0070778,138434,0,5.73E-04,0.47954,0.082107,0.35791,0.0016216,0.12001,1.35E-04,5,19.635,90,0,NaN,14.997,1013.2,340.39,0.01,0.023099
0.35,0.45131,0.95608,-9.7954,0.95608,9.7954,0,0,0,0,0,0,28.61,-80.6,9.7922,66.189,0,0,0,136,0,0.016253,7.26E-05,52.345,0.0069574,136079,0,4.42E-04,0.48106,0.065571,0.35943,0.0016216,0.12001,1.22E-04,5,19.635,90,0,NaN,14.997,1013.2,340.39,0.01,0.023521
0.36,0.46038,0.85813,-9.7946,0.85813,9.7946,0,0,0,0,0,0,28.61,-80.6,9.7922,68.523,0,0,0,136,0,0.016253,7.26E-05,52.345,0.0068858,134679,0,3.29E-04,0.48198,0.049738,0.36035,0.0016216,0.12001,1.10E-04,5,19.635,90,0,NaN,14.997,1013.2,340.39,0.01,0.023959
0.37,0.46847,0.76019,-9.7939,0.76019,9.7939,0,0,0,0,0,0,28.61,-80.6,9.7922,70.902,0,0,0,136,0,0.016253,7.26E-05,52.345,0.006826,133508,0,2.35E-04,0.48276,0.036129,0.36113,0.0016216,0.12001,9.73E-05,5,19.635,90,0,NaN,14.997,1013.2,340.39,0.01,0.024384
0.38,0.47559,0.66225,-9.7933,0.66225,9.7933,0,0,0,0,0,0,28.61,-80.6,9.7922,73.319,0,0,0,136,0,0.016253,7.26E-05,52.345,0.006778,132571,0,1.59E-04,0.48339,0.024852,0.36176,0.0016216,0.12001,8.48E-05,5,19.635,90,0,NaN,14.997,1013.2,340.39,0.01,0.024927
0.39,0.48172,0.56432,-9.7929,0.56432,9.7929,0,0,0,0,0,0,28.61,-80.6,9.7922,75.765,0,0,0,136,0,0.016253,7.26E-05,52.345,0.0067424,131873,0,1.01E-04,0.48387,0.015927,0.36224,0.0016216,0.12001,7.23E-05,5,19.635,90,0,NaN,14.997,1013.2,340.39,0.01,0.025468
0.4,0.48687,0.4664,-9.7926,0.4664,9.7926,0,0,0,0,0,0,28.61,-80.6,9.7922,78.233,0,0,0,136,0,0.016253,7.26E-05,52.345,0.0067191,131417,0,5.83E-05,0.48418,0.0092691,0.36255,0.0016216,0.12001,5.97E-05,5,19.635,90,0,NaN,14.997,1013.2,340.39,0.01,0.026008
0.41,0.49105,0.36847,-9.7924,0.36847,9.7924,0,0,0,0,0,0,28.61,-80.6,9.7922,80.647,0,0,0,136,0,0.016253,7.26E-05,52.345,0.0066609,130279,0,2.96E-05,0.48496,0.0047942,0.36333,0.0016216,0.12001,4.72E-05,5,19.635,90,0,NaN,14.997,1013.2,340.39,0.01,0.02658
0.42,0.49424,0.27055,-9.7923,0.27055,9.7923,0,0,0,0,0,0,28.61,-80.6,9.7922,83.099,0,0,0,136,0,0.016253,7.26E-05,52.345,0.0066147,129376,0,1.21E-05,0.48559,0.0019823,0.36396,0.0016216,0.12001,3.46E-05,5,19.635,90,0,NaN,14.997,1013.2,340.39,0.01,0.027868
0.43,0.49646,0.17263,-9.7922,0.17263,9.7922,0,0,0,0,0,0,28.61,-80.6,9.7922,85.58,0,0,0,136,0,0.016253,7.26E-05,52.345,0.0065809,128714,0,3.23E-06,0.48606,5.35E-04,0.36443,0.0016216,0.12001,2.21E-05,5,19.635,90,0,NaN,14.997,1013.2,340.39,0.01,0.02859
0.44,0.4977,0.074704,-9.7922,0.074704,9.7922,0,0,0,0,0,0,28.61,-80.6,9.7922,88.083,0,0,0,136,0,0.016253,7.26E-05,52.345,0.0065594,128294,0,2.69E-07,0.48635,4.49E-05,0.36473,0.0016216,0.12001,9.56E-06,5,19.635,90,0,NaN,14.997,1013.2,340.39,0.01,0.029228
0.45,0.49795,-0.023218,-9.7922,0.023218,9.7922,0,0,0,0,0,0,28.61,-80.6,9.7922,90.597,0,0,0,136,0,0.016253,7.26E-05,52.345,0.0065506,128121,0,-8.21E-09,0.48648,-1.37E-06,0.36485,0.0016216,0.12001,2.97E-06,5,19.635,90,0,NaN,14.997,1013.2,340.39,0.01,0.030183
0.46,0.49723,-0.12114,-9.7922,0.12114,9.7922,0,0,0,0,0,0,28.61,-80.6,9.7922,93.12,0,0,0,136,0,0.016253,7.26E-05,52.345,0.0065383,127882,0,-1.14E-06,0.48665,-1.91E-04,0.36502,0.0016216,0.12001,1.55E-05,5,19.635,90,0,NaN,14.997,1013.2,340.39,0.01,0.030489
0.47,0.49553,-0.21906,-9.7921,0.21906,9.7921,0,0,0,0,0,0,28.61,-80.6,9.7922,95.648,0,0,0,136,0,0.016253,7.26E-05,52.345,0.0065388,127891,0,-6.58E-06,0.48664,-0.0011042,0.36501,0.0016216,0.12001,2.80E-05,5,19.635,90,0,NaN,14.997,1013.2,340.39,0.01,0.030896
0.48,0.49285,-0.31698,-9.792,0.31698,9.792,0,0,0,0,0,0,28.61,-80.6,9.7922,98.171,0,0,0,136,0,0.016253,7.26E-05,52.345,0.006552,128149,0,-1.94E-05,0.48646,-0.0032497,0.36483,0.0016216,0.12001,4.06E-05,5,19.635,90,0,NaN,14.997,1013.2,340.39,0.01,0.031268
0.49,0.48919,-0.4149,-9.7919,0.4149,9.7919,0,0,0,0,0,0,28.61,-80.6,9.7922,100.68,0,0,0,136,0,0.016253,7.26E-05,52.345,0.0065778,128655,0,-4.25E-05,0.4861,-0.0070449,0.36447,0.0016216,0.12001,5.31E-05,5,19.635,90,0,NaN,14.997,1013.2,340.39,0.01,0.031594
# Event APOGEE occurred at t=0.5 seconds,,,,,,,,,,,,,,,,,,,,,,,,,,,,,,,,,,,,,,,,,,,
0.5,0.48455,-0.51282,-9.7916,0.51282,9.7916,0,0,0,0,0,0,28.61,-80.6,9.7922,103.16,0,0,0,136,0,0.016253,7.26E-05,52.345,0.0066162,129404,0,-7.81E-05,0.48557,-0.012799,0.36394,0.0016216,0.12001,6.57E-05,5,19.635,90,0,NaN,14.997,1013.2,340.39,0.01,0.032031
0.51,0.47893,-0.61073,-9.7912,0.61073,9.7912,0,0,0,0,0,0,28.61,-80.6,9.7922,105.82,0,0,0,136,0,0.016253,7.26E-05,52.345,0.0065824,128744,0,-1.30E-04,0.48603,-0.021534,0.36441,0.0016216,0.12001,7.82E-05,5,19.635,90,0,NaN,14.997,1013.2,340.39,0.01,0.032712
0.52,0.47234,-0.70864,-9.7907,0.70864,9.7907,0,0,0,0,0,0,28.61,-80.6,9.7922,108.49,0,0,0,136,0,0.016253,7.26E-05,52.345,0.0065629,128363,0,-2.00E-04,0.4863,-0.033309,0.36468,0.0016216,0.12001,9.07E-05,5,19.635,90,0,NaN,14.997,1013.2,340.39,0.01,0.033134
0.53,0.46476,-0.80655,-9.79,0.80655,9.79,0,0,0,0,0,0,28.61,-80.6,9.7922,111.18,0,0,0,136,0,0.016253,7.26E-05,52.345,0.0065578,128263,0,-2.90E-04,0.48637,-0.048339,0.36475,0.0016216,0.12001,1.03E-04,5,19.635,90,0,NaN,14.997,1013.2,340.39,0.01,0.033397
0.54,0.45621,-0.90444,-9.7892,0.90444,9.7892,0,0,0,0,0,0,28.61,-80.6,9.7922,113.87,0,0,0,136,0,0.016253,7.26E-05,52.345,0.0065671,128446,0,-4.01E-04,0.48625,-0.066694,0.36462,0.0016216,0.12001,1.16E-04,5,19.635,90,0,NaN,14.997,1013.2,340.39,0.01,0.033689
0.55,0.44667,-1.0023,-9.7882,1.0023,9.7882,0,0,0,0,0,0,28.61,-80.6,9.7922,116.54,0,0,0,136,0,0.016253,7.26E-05,52.345,0.0065908,128908,0,-5.34E-04,0.48592,-0.088295,0.36429,0.0016216,0.12001,1.28E-04,5,19.635,90,0,NaN,14.997,1013.2,340.39,0.01,0.03402
0.56,0.43616,-1.1002,-9.7872,1.1002,9.7872,0,0,0,0,0,0,28.61,-80.6,9.7922,118.58,0,0,0,136,0,0.016253,7.26E-05,52.345,0.0067556,132133,0,-6.78E-04,0.48369,-0.10665,0.36206,0.0016216,0.12001,1.41E-04,5,19.635,90,0,NaN,14.997,1013.2,340.39,0.01,0.034326
0.57,0.42467,-1.1981,-9.786,1.1981,9.786,0,0,0,0,0,0,28.61,-80.6,9.7922,120.53,0,0,0,136,0,0.016253,7.26E-05,52.345,0.0069287,135518,0,-8.41E-04,0.48143,-0.12569,0.3598,0.0016216,0.12001,1.53E-04,5,19.635,90,0,NaN,14.997,1013.2,340.39,0.01,0.034729
0.58,0.4122,-1.2959,-9.7847,1.2959,9.7847,0,0,0,0,0,0,28.61,-80.6,9.7922,122.38,0,0,0,136,0,0.016253,7.26E-05,52.345,0.0071093,139050,0,-0.0010218,0.47915,-0.1451,0.35752,0.0016216,0.12001,1.66E-04,5,19.635,90,0,NaN,14.997,1013.2,340.39,0.01,0.035046
0.59,0.39875,-1.3938,-9.7832,1.3938,9.7832,0,0,0,0,0,0,28.61,-80.6,9.7922,124.14,0,0,0,136,0,0.016253,7.26E-05,52.345,0.0072969,142721,0,-0.0012213,0.47686,-0.16462,0.35523,0.0016216,0.12001,1.78E-04,5,19.635,90,0,NaN,14.997,1013.2,340.39,0.01,0.035411
0.6,0.38432,-1.4916,-9.7816,1.4916,9.7816,0,0,0,0,0,0,28.61,-80.6,9.7922,125.8,0,0,0,136,0,0.016253,7.26E-05,52.345,0.007491,146517,0,-0.0014389,0.47458,-0.18402,0.35295,0.0016216,0.12001,1.91E-04,5,19.635,90,0,NaN,14.998,1013.2,340.39,0.01,0.035796
0.61,0.36892,-1.5894,-9.7798,1.5894,9.7798,0,0,0,0,0,0,28.61,-80.6,9.7922,127.53,0,0,0,136,0,0.016253,7.26E-05,52.345,0.0076643,149907,0,-0.0016798,0.47261,-0.20524,0.35098,0.0016216,0.12001,2.04E-04,5,19.635,90,0,NaN,14.998,1013.2,340.39,0.01,0.036106
0.62,0.35253,-1.6872,-9.7779,1.6872,9.7779,0,0,0,0,0,0,28.61,-80.6,9.7922,129.19,0,0,0,136,0,0.016253,7.26E-05,52.345,0.0078443,153427,0,-0.0019392,0.47063,-0.22618,0.349,0.0016216,0.12001,2.16E-04,5,19.635,90,0,NaN,14.998,1013.2,340.39,0.01,0.036404
0.63,0.33517,-1.785,-9.7759,1.785,9.7759,0,0,0,0,0,0,28.61,-80.6,9.7922,130.77,0,0,0,136,0,0.016253,7.26E-05,52.345,0.0080304,157068,0,-0.0022166,0.46864,-0.24668,0.34701,0.0016216,0.12001,2.29E-04,5,19.635,90,0,NaN,14.998,1013.2,340.39,0.01,0.036729
0.64,0.31684,-1.8827,-9.7737,1.8827,9.7737,0,0,0,0,0,0,28.61,-80.6,9.7922,132.27,0,0,0,136,0,0.016253,7.26E-05,52.345,0.0082224,160822,0,-0.0025113,0.46666,-0.26659,0.34503,0.0016216,0.12001,2.41E-04,5,19.635,90,0,NaN,14.998,1013.2,340.39,0.01,0.037071
0.65,0.29752,-1.9804,-9.7714,1.9804,9.7714,0,0,0,0,0,0,28.61,-80.6,9.7922,133.71,0,0,0,136,0,0.016253,7.26E-05,52.345,0.0084197,164682,0,-0.002823,0.46469,-0.28579,0.34305,0.0016216,0.12001,2.54E-04,5,19.635,90,0,NaN,14.998,1013.2,340.39,0.01,0.037465
0.66,0.27723,-2.0781,-9.7691,2.0781,9.7691,0,0,0,0,0,0,28.61,-80.6,9.7922,134.93,0,0,0,136,0,0.016253,7.26E-05,52.345,0.008645,169089,0,-0.0031435,0.46251,-0.30186,0.34088,0.0016216,0.12001,2.66E-04,5,19.635,90,0,NaN,14.998,1013.2,340.39,0.01,0.037794
0.67,0.25596,-2.1758,-9.7666,2.1758,9.7666,0,0,0,0,0,0,28.61,-80.6,9.7922,136.08,0,0,0,136,0,0.016253,7.26E-05,52.345,0.008874,173568,0,-0.0034792,0.46037,-0.31708,0.33874,0.0016216,0.12001,2.79E-04,5,19.635,90,0,NaN,14.998,1013.2,340.39,0.01,0.038077
0.68,0.23371,-2.2735,-9.764,2.2735,9.764,0,0,0,0,0,0,28.61,-80.6,9.7922,137.18,0,0,0,136,0,0.016253,7.26E-05,52.345,0.0091063,178112,0,-0.0038298,0.45828,-0.33145,0.33665,0.0016216,0.12001,2.91E-04,5,19.635,90,0,NaN,14.998,1013.2,340.39,0.01,0.038388
0.69,0.21049,-2.3711,-9.7613,2.3711,9.7613,0,0,0,0,0,0,28.61,-80.6,9.7922,138.22,0,0,0,136,0,0.016253,7.26E-05,52.345,0.0093417,182717,0,-0.0041948,0.45623,-0.34497,0.3346,0.0016216,0.12001,3.04E-04,5,19.635,90,0,NaN,14.999,1013.2,340.39,0.01,0.038771
0.7,0.18629,-2.4687,-9.7585,2.4687,9.7585,0,0,0,0,0,0,28.61,-80.6,9.7922,139.21,0,0,0,136,0,0.016253,7.26E-05,52.345,0.00958,187379,0,-0.0045739,0.45423,-0.35767,0.3326,0.0016216,0.12001,3.16E-04,5,19.635,90,0,NaN,14.999,1013.2,340.39,0.01,0.039073
0.71,0.16111,-2.5663,-9.7555,2.5663,9.7555,0,0,0,0,0,0,28.61,-80.6,9.7922,140.51,0,0,0,136,0,0.016253,7.26E-05,52.345,0.0097691,191078,0,-0.0049884,0.45269,-0.37513,0.33106,0.0016216,0.12001,3.29E-04,5,19.635,90,0,NaN,14.999,1013.2,340.39,0.01,0.039403
0.72,0.13496,-2.6638,-9.7523,2.6638,9.7523,0,0,0,0,0,0,28.61,-80.6,9.7922,141.77,0,0,0,136,0,0.016253,7.26E-05,52.345,0.009963,194871,0,-0.0054167,0.45115,-0.39163,0.32952,0.0016216,0.12001,3.41E-04,5,19.635,90,0,NaN,14.999,1013.2,340.39,0.01,0.03971
0.73,0.10784,-2.7613,-9.7491,2.7613,9.7491,0,0,0,0,0,0,28.61,-80.6,9.7922,142.97,0,0,0,136,0,0.016253,7.26E-05,52.345,0.010161,198752,0,-0.0058579,0.44962,-0.40715,0.32798,0.0016216,0.12001,3.54E-04,5,19.635,90,0,NaN,14.999,1013.2,340.39,0.01,0.040159
0.74,0.079738,-2.8588,-9.7458,2.8588,9.7458,0,0,0,0,0,0,28.61,-80.6,9.7922,144.13,0,0,0,136,0,0.016253,7.26E-05,52.345,0.010364,202717,0,-0.0063114,0.44809,-0.42168,0.32646,0.0016216,0.12001,3.66E-04,5,19.635,90,0,NaN,14.999,1013.2,340.39,0.01,0.040604
0.75,0.050663,-2.9562,-9.7424,2.9562,9.7424,0,0,0,0,0,0,28.61,-80.6,9.7922,145.24,0,0,0,136,0,0.016253,7.26E-05,52.345,0.010571,206760,0,-0.0067765,0.44658,-0.43522,0.32495,0.0016216,0.12001,3.79E-04,5,19.635,90,0,NaN,15,1013.2,340.39,0.01,0.04116
0.76,0.020614,-3.0536,-9.7389,3.0536,9.7389,0,0,0,0,0,0,28.61,-80.6,9.7922,146.16,0,0,0,136,0,0.016253,7.26E-05,52.345,0.010801,211256,0,-0.0072438,0.44494,-0.44564,0.32331,0.0016216,0.12002,3.91E-04,5,19.635,90,0,NaN,15,1013.2,340.39,0.01,0.041776
# Event GROUND_HIT occurred at t=0.77 seconds,,,,,,,,,,,,,,,,,,,,,,,,,,,,,,,,,,,,,,,,,,,
# Event SIMULATION_END occurred at t=0.77 seconds,,,,,,,,,,,,,,,,,,,,,,,,,,,,,,,,,,,,,,,,,,,
